{"cameraMode":{"drawMode":0,"name":"Shaded","section":"Shading Mode"},"sceneLighting":false,"audioPlay":false,"sceneViewState":{"m_AlwaysRefresh":true,"showFog":true,"showSkybox":false,"showFlares":true,"showImageEffects":true,"showParticleSystems":true,"showVisualEffectGraphs":true,"m_FxEnabled":true},"in2DMode":false,"pivot":{"x":537.7047119140625,"y":510.4281005859375,"z":313.95648193359377},"rotation":{"x":-0.030256040394306184,"y":0.9693113565444946,"z":-0.15723510086536408,"w":-0.18662036955356599},"size":5.049752235412598,"orthographic":false}