{"cameraMode":{"drawMode":0,"name":"Shaded","section":"Shading Mode"},"sceneLighting":true,"audioPlay":false,"sceneViewState":{"m_AlwaysRefresh":true,"showFog":true,"showSkybox":true,"showFlares":true,"showImageEffects":true,"showParticleSystems":true,"showVisualEffectGraphs":true,"m_FxEnabled":true},"in2DMode":false,"pivot":{"x":328.3102722167969,"y":208.40957641601563,"z":74.95879364013672},"rotation":{"x":-0.11239407956600189,"y":0.0557105727493763,"z":-0.006319051142781973,"w":-0.9920912981033325},"size":499.5496520996094,"orthographic":false}