{"cameraMode":{"drawMode":0,"name":"Shaded","section":"Shading Mode"},"sceneLighting":true,"audioPlay":false,"sceneViewState":{"m_AlwaysRefresh":true,"showFog":true,"showSkybox":true,"showFlares":true,"showImageEffects":true,"showParticleSystems":true,"showVisualEffectGraphs":true,"m_FxEnabled":true},"in2DMode":false,"pivot":{"x":558.5918579101563,"y":287.48516845703127,"z":1632.475341796875},"rotation":{"x":0.010185359977185727,"y":-0.030896371230483056,"z":-0.0003147445386275649,"w":-0.9994712471961975},"size":851.2944946289063,"orthographic":false}