{"cameraMode":{"drawMode":0,"name":"Shaded","section":"Shading Mode"},"sceneLighting":true,"audioPlay":false,"sceneViewState":{"m_AlwaysRefresh":true,"showFog":true,"showSkybox":true,"showFlares":true,"showImageEffects":true,"showParticleSystems":true,"showVisualEffectGraphs":true,"m_FxEnabled":true},"in2DMode":false,"pivot":{"x":-134.87229919433595,"y":-476.63104248046877,"z":1248.0283203125},"rotation":{"x":0.19400976598262788,"y":-0.026501737534999849,"z":0.0051962342113256458,"w":0.9806737303733826},"size":656.0213623046875,"orthographic":false}